timestamp,day_of_week,is_weekend,season,weather_temp,location_status,event_type,heating_temp,tv_status,dog_walk,grocery_trip,dance_class,family_movie_night,confidence_score
2025-01-01 06:57,Wednesday,0,Winter,2.0,Home,WakeUp,21,Off,False,False,False,False,0.91
2025-01-01 08:16,Wednesday,0,Winter,5.4,Away,LeaveHome,21,Off,False,False,False,False,0.98
2025-01-01 16:31,Wednesday,0,Winter,4.7,Home,ReturnHome,21,Off,False,False,False,False,0.9
2025-01-02 07:12,Thursday,0,Winter,4.8,Home,WakeUp,22,Off,False,False,False,False,0.95
2025-01-02 08:44,Thursday,0,Winter,3.4,Away,LeaveHome,22,Off,False,False,False,False,0.94
2025-01-02 16:55,Thursday,0,Winter,6.5,Home,ReturnHome,22,Off,False,False,False,False,0.9
2025-01-03 07:01,Friday,0,Winter,2.2,Home,WakeUp,22,Off,False,False,False,False,0.92
2025-01-03 08:31,Friday,0,Winter,0.8,Away,LeaveHome,22,Off,False,False,False,False,0.93
2025-01-03 17:05,Friday,0,Winter,6.8,Home,ReturnHome,22,Off,False,False,False,False,0.95
2025-01-03 21:08,Friday,0,Winter,3.7,Home,TVOn,22,On,False,False,False,True,0.91
2025-01-03 23:04,Friday,0,Winter,0.6,Home,TVOff,22,Off,False,False,False,True,0.93
2025-01-04 10:06,Saturday,1,Winter,1.5,Home,WakeUp,22,Off,False,False,False,False,0.91
2025-01-04 10:18,Saturday,1,Winter,7.9,Away,DogWalk,22,Off,True,False,False,False,0.98
2025-01-04 18:04,Saturday,1,Winter,2.2,Away,DogWalk,22,Off,True,False,False,False,0.96
2025-01-05 06:56,Sunday,1,Winter,1.7,Home,WakeUp,23,Off,False,False,False,False,0.92
2025-01-05 08:10,Sunday,1,Winter,0.6,Away,DanceClass,23,Off,False,False,True,False,0.96
2025-01-05 10:25,Sunday,1,Winter,1.3,Away,DogWalk,23,Off,True,False,False,False,0.93
2025-01-05 16:31,Sunday,1,Winter,1.8,Away,GroceryShopping,23,Off,False,True,False,False,0.93
2025-01-05 17:43,Sunday,1,Winter,1.8,Away,DogWalk,23,Off,True,False,False,False,0.9
2025-01-06 06:44,Monday,0,Winter,1.7,Home,WakeUp,23,Off,False,False,False,False,0.98
2025-01-06 08:30,Monday,0,Winter,1.7,Away,LeaveHome,23,Off,False,False,False,False,0.94
2025-01-06 17:18,Monday,0,Winter,1.1,Home,ReturnHome,23,Off,False,False,False,False,0.91
2025-01-07 07:17,Tuesday,0,Winter,3.4,Home,WakeUp,22,Off,False,False,False,False,0.95
2025-01-07 08:33,Tuesday,0,Winter,1.8,Away,LeaveHome,22,Off,False,False,False,False,0.99
2025-01-07 17:25,Tuesday,0,Winter,3.9,Home,ReturnHome,22,Off,False,False,False,False,0.97
2025-01-08 07:20,Wednesday,0,Winter,1.3,Home,WakeUp,21,Off,False,False,False,False,0.96
2025-01-08 08:48,Wednesday,0,Winter,0.5,Away,LeaveHome,21,Off,False,False,False,False,0.93
2025-01-08 17:19,Wednesday,0,Winter,4.2,Home,ReturnHome,21,Off,False,False,False,False,0.99
2025-01-09 06:47,Thursday,0,Winter,5.5,Home,WakeUp,21,Off,False,False,False,False,0.95
2025-01-09 08:27,Thursday,0,Winter,6.1,Away,LeaveHome,21,Off,False,False,False,False,0.93
2025-01-09 16:57,Thursday,0,Winter,3.5,Home,ReturnHome,21,Off,False,False,False,False,0.94
2025-01-10 07:12,Friday,0,Winter,6.1,Home,WakeUp,22,Off,False,False,False,False,0.95
2025-01-10 08:16,Friday,0,Winter,7.0,Away,LeaveHome,22,Off,False,False,False,False,0.93
2025-01-10 17:24,Friday,0,Winter,4.9,Home,ReturnHome,22,Off,False,False,False,False,0.91
2025-01-10 21:02,Friday,0,Winter,7.6,Home,TVOn,22,On,False,False,False,True,0.98
2025-01-10 22:40,Friday,0,Winter,4.8,Home,TVOff,22,Off,False,False,False,True,0.94
2025-01-11 10:15,Saturday,1,Winter,7.0,Away,DogWalk,23,Off,True,False,False,False,0.99
2025-01-11 10:26,Saturday,1,Winter,7.9,Home,WakeUp,23,Off,False,False,False,False,0.97
2025-01-12 07:09,Sunday,1,Winter,4.3,Home,WakeUp,21,Off,False,False,False,False,0.91
2025-01-12 08:07,Sunday,1,Winter,1.3,Away,DanceClass,21,Off,False,False,True,False,0.95
2025-01-12 10:23,Sunday,1,Winter,7.4,Away,DogWalk,21,Off,True,False,False,False,0.97
2025-01-12 15:59,Sunday,1,Winter,3.2,Away,GroceryShopping,21,Off,False,True,False,False,0.96
2025-01-12 18:13,Sunday,1,Winter,3.6,Away,DogWalk,21,Off,True,False,False,False,0.92
2025-01-13 07:17,Monday,0,Winter,4.4,Home,WakeUp,22,Off,False,False,False,False,0.95
2025-01-13 08:10,Monday,0,Winter,0.6,Away,LeaveHome,22,Off,False,False,False,False,0.96
2025-01-13 16:49,Monday,0,Winter,0.5,Home,ReturnHome,22,Off,False,False,False,False,0.9
2025-01-14 06:57,Tuesday,0,Winter,5.4,Home,WakeUp,22,Off,False,False,False,False,0.92
2025-01-14 08:18,Tuesday,0,Winter,5.8,Away,LeaveHome,22,Off,False,False,False,False,0.98
2025-01-14 17:33,Tuesday,0,Winter,3.8,Home,ReturnHome,22,Off,False,False,False,False,0.97
2025-01-15 06:46,Wednesday,0,Winter,0.8,Home,WakeUp,21,Off,False,False,False,False,0.94
2025-01-15 08:37,Wednesday,0,Winter,3.3,Away,LeaveHome,21,Off,False,False,False,False,0.98
2025-01-15 16:26,Wednesday,0,Winter,5.4,Home,ReturnHome,21,Off,False,False,False,False,0.99
2025-01-16 07:01,Thursday,0,Winter,6.4,Home,WakeUp,23,Off,False,False,False,False,0.91
2025-01-16 08:22,Thursday,0,Winter,1.5,Away,LeaveHome,23,Off,False,False,False,False,0.94
2025-01-16 17:14,Thursday,0,Winter,1.5,Home,ReturnHome,23,Off,False,False,False,False,0.94
2025-01-17 07:08,Friday,0,Winter,6.5,Home,WakeUp,21,Off,False,False,False,False,0.98
2025-01-17 08:16,Friday,0,Winter,0.4,Away,LeaveHome,21,Off,False,False,False,False,0.99
2025-01-17 16:21,Friday,0,Winter,7.8,Home,ReturnHome,21,Off,False,False,False,False,0.98
2025-01-17 20:50,Friday,0,Winter,3.3,Home,TVOn,21,On,False,False,False,True,0.94
2025-01-17 23:05,Friday,0,Winter,7.2,Home,TVOff,21,Off,False,False,False,True,0.91
2025-01-18 09:46,Saturday,1,Winter,7.4,Home,WakeUp,23,Off,False,False,False,False,0.97
2025-01-18 10:35,Saturday,1,Winter,5.3,Away,DogWalk,23,Off,True,False,False,False,0.94
2025-01-18 17:53,Saturday,1,Winter,7.7,Away,DogWalk,23,Off,True,False,False,False,0.95
2025-01-19 06:46,Sunday,1,Winter,0.4,Home,WakeUp,22,Off,False,False,False,False,0.94
2025-01-19 08:06,Sunday,1,Winter,1.3,Away,DanceClass,22,Off,False,False,True,False,0.99
2025-01-19 16:36,Sunday,1,Winter,0.5,Away,GroceryShopping,22,Off,False,True,False,False,0.98
2025-01-19 18:16,Sunday,1,Winter,2.0,Away,DogWalk,22,Off,True,False,False,False,0.95
2025-01-20 07:17,Monday,0,Winter,4.5,Home,WakeUp,22,Off,False,False,False,False,0.93
2025-01-20 08:26,Monday,0,Winter,1.6,Away,LeaveHome,22,Off,False,False,False,False,0.96
2025-01-20 16:50,Monday,0,Winter,2.1,Home,ReturnHome,22,Off,False,False,False,False,0.91
2025-01-21 07:00,Tuesday,0,Winter,7.4,Home,WakeUp,22,Off,False,False,False,False,0.98
2025-01-21 08:10,Tuesday,0,Winter,3.7,Away,LeaveHome,22,Off,False,False,False,False,0.99
2025-01-21 16:32,Tuesday,0,Winter,0.6,Home,ReturnHome,22,Off,False,False,False,False,0.92
2025-01-22 06:44,Wednesday,0,Winter,7.0,Home,WakeUp,23,Off,False,False,False,False,0.93
2025-01-22 08:20,Wednesday,0,Winter,3.5,Away,LeaveHome,23,Off,False,False,False,False,0.95
2025-01-22 16:58,Wednesday,0,Winter,4.9,Home,ReturnHome,23,Off,False,False,False,False,0.99
2025-01-23 07:15,Thursday,0,Winter,2.4,Home,WakeUp,21,Off,False,False,False,False,0.96
2025-01-23 08:18,Thursday,0,Winter,2.1,Away,LeaveHome,21,Off,False,False,False,False,0.98
2025-01-23 17:30,Thursday,0,Winter,1.2,Home,ReturnHome,21,Off,False,False,False,False,0.93
2025-01-24 06:53,Friday,0,Winter,5.5,Home,WakeUp,23,Off,False,False,False,False,0.98
2025-01-24 08:42,Friday,0,Winter,3.9,Away,LeaveHome,23,Off,False,False,False,False,0.98
2025-01-24 16:26,Friday,0,Winter,0.7,Home,ReturnHome,23,Off,False,False,False,False,0.94
2025-01-24 20:45,Friday,0,Winter,2.7,Home,TVOn,23,On,False,False,False,True,0.91
2025-01-24 22:56,Friday,0,Winter,1.3,Home,TVOff,23,Off,False,False,False,True,0.94
2025-01-25 09:37,Saturday,1,Winter,0.6,Home,WakeUp,21,Off,False,False,False,False,0.98
2025-01-25 10:34,Saturday,1,Winter,0.3,Away,DogWalk,21,Off,True,False,False,False,0.93
2025-01-25 18:07,Saturday,1,Winter,1.0,Away,DogWalk,21,Off,True,False,False,False,0.93
2025-01-26 07:13,Sunday,1,Winter,2.9,Home,WakeUp,21,Off,False,False,False,False,0.96
2025-01-26 08:01,Sunday,1,Winter,6.2,Away,DanceClass,21,Off,False,False,True,False,0.98
2025-01-26 10:49,Sunday,1,Winter,6.0,Away,DogWalk,21,Off,True,False,False,False,0.98
2025-01-26 15:40,Sunday,1,Winter,7.8,Away,GroceryShopping,21,Off,False,True,False,False,0.97
2025-01-26 17:41,Sunday,1,Winter,1.4,Away,DogWalk,21,Off,True,False,False,False,0.98
2025-01-27 06:55,Monday,0,Winter,2.1,Home,WakeUp,22,Off,False,False,False,False,0.97
2025-01-27 08:16,Monday,0,Winter,3.1,Away,LeaveHome,22,Off,False,False,False,False,0.9
2025-01-27 17:20,Monday,0,Winter,1.8,Home,ReturnHome,22,Off,False,False,False,False,0.97
2025-01-28 06:54,Tuesday,0,Winter,1.8,Home,WakeUp,22,Off,False,False,False,False,0.96
2025-01-28 08:35,Tuesday,0,Winter,2.6,Away,LeaveHome,22,Off,False,False,False,False,0.98
2025-01-28 16:55,Tuesday,0,Winter,2.8,Home,ReturnHome,22,Off,False,False,False,False,0.95
2025-01-29 06:41,Wednesday,0,Winter,0.9,Home,WakeUp,22,Off,False,False,False,False,0.99
2025-01-29 08:21,Wednesday,0,Winter,4.6,Away,LeaveHome,22,Off,False,False,False,False,0.99
2025-01-29 16:24,Wednesday,0,Winter,0.9,Home,ReturnHome,22,Off,False,False,False,False,0.94
2025-01-30 07:07,Thursday,0,Winter,4.8,Home,WakeUp,22,Off,False,False,False,False,0.95
2025-01-30 08:34,Thursday,0,Winter,7.2,Away,LeaveHome,22,Off,False,False,False,False,0.92
2025-01-30 16:25,Thursday,0,Winter,5.7,Home,ReturnHome,22,Off,False,False,False,False,0.9
2025-01-31 07:03,Friday,0,Winter,3.5,Home,WakeUp,21,Off,False,False,False,False,0.99
2025-01-31 08:31,Friday,0,Winter,5.0,Away,LeaveHome,21,Off,False,False,False,False,0.96
2025-01-31 16:35,Friday,0,Winter,5.8,Home,ReturnHome,21,Off,False,False,False,False,0.93
2025-01-31 20:58,Friday,0,Winter,2.6,Home,TVOn,21,On,False,False,False,True,0.96
2025-01-31 23:15,Friday,0,Winter,1.0,Home,TVOff,21,Off,False,False,False,True,0.94
2025-02-01 10:09,Saturday,1,Winter,4.6,Home,WakeUp,21,Off,False,False,False,False,0.94
2025-02-01 10:19,Saturday,1,Winter,2.3,Away,DogWalk,21,Off,True,False,False,False,0.94
2025-02-01 18:00,Saturday,1,Winter,3.7,Away,DogWalk,21,Off,True,False,False,False,0.94
2025-02-02 07:10,Sunday,1,Winter,7.2,Home,WakeUp,23,Off,False,False,False,False,0.97
2025-02-02 07:52,Sunday,1,Winter,2.3,Away,DanceClass,23,Off,False,False,True,False,0.96
2025-02-02 10:15,Sunday,1,Winter,6.5,Away,DogWalk,23,Off,True,False,False,False,0.97
2025-02-02 15:48,Sunday,1,Winter,6.5,Away,GroceryShopping,23,Off,False,True,False,False,0.91
2025-02-03 07:09,Monday,0,Winter,3.3,Home,WakeUp,21,Off,False,False,False,False,0.96
2025-02-03 08:22,Monday,0,Winter,5.7,Away,LeaveHome,21,Off,False,False,False,False,0.93
2025-02-03 17:11,Monday,0,Winter,2.0,Home,ReturnHome,21,Off,False,False,False,False,0.96
2025-02-04 07:07,Tuesday,0,Winter,1.8,Home,WakeUp,22,Off,False,False,False,False,0.97
2025-02-04 08:43,Tuesday,0,Winter,3.7,Away,LeaveHome,22,Off,False,False,False,False,0.95
2025-02-04 16:35,Tuesday,0,Winter,3.7,Home,ReturnHome,22,Off,False,False,False,False,0.97
2025-02-05 07:08,Wednesday,0,Winter,4.9,Home,WakeUp,22,Off,False,False,False,False,0.96
2025-02-05 08:42,Wednesday,0,Winter,3.4,Away,LeaveHome,22,Off,False,False,False,False,0.98
2025-02-05 17:17,Wednesday,0,Winter,7.2,Home,ReturnHome,22,Off,False,False,False,False,0.97
2025-02-06 06:55,Thursday,0,Winter,6.7,Home,WakeUp,22,Off,False,False,False,False,0.92
2025-02-06 08:43,Thursday,0,Winter,3.9,Away,LeaveHome,22,Off,False,False,False,False,0.92
2025-02-06 17:16,Thursday,0,Winter,0.6,Home,ReturnHome,22,Off,False,False,False,False,0.93
2025-02-07 07:14,Friday,0,Winter,0.6,Home,WakeUp,23,Off,False,False,False,False,0.91
2025-02-07 08:34,Friday,0,Winter,5.6,Away,LeaveHome,23,Off,False,False,False,False,0.96
2025-02-07 16:28,Friday,0,Winter,3.3,Home,ReturnHome,23,Off,False,False,False,False,0.93
2025-02-07 20:46,Friday,0,Winter,1.7,Home,TVOn,23,On,False,False,False,True,0.94
2025-02-07 23:17,Friday,0,Winter,7.6,Home,TVOff,23,Off,False,False,False,True,0.9
2025-02-08 10:00,Saturday,1,Winter,0.0,Home,WakeUp,22,Off,False,False,False,False,0.93
2025-02-08 10:26,Saturday,1,Winter,4.3,Away,DogWalk,22,Off,True,False,False,False,0.97
2025-02-08 17:54,Saturday,1,Winter,3.9,Away,DogWalk,22,Off,True,False,False,False,0.92
2025-02-09 06:55,Sunday,1,Winter,5.4,Home,WakeUp,22,Off,False,False,False,False,0.97
2025-02-09 08:04,Sunday,1,Winter,7.4,Away,DanceClass,22,Off,False,False,True,False,0.99
2025-02-09 10:35,Sunday,1,Winter,4.7,Away,DogWalk,22,Off,True,False,False,False,0.96
2025-02-09 16:14,Sunday,1,Winter,1.1,Away,GroceryShopping,22,Off,False,True,False,False,0.94
2025-02-10 07:09,Monday,0,Winter,2.6,Home,WakeUp,22,Off,False,False,False,False,0.97
2025-02-10 08:34,Monday,0,Winter,2.2,Away,LeaveHome,22,Off,False,False,False,False,0.99
2025-02-10 17:13,Monday,0,Winter,2.0,Home,ReturnHome,22,Off,False,False,False,False,0.91
2025-02-11 07:02,Tuesday,0,Winter,1.8,Home,WakeUp,22,Off,False,False,False,False,0.91
2025-02-11 08:12,Tuesday,0,Winter,6.0,Away,LeaveHome,22,Off,False,False,False,False,0.99
2025-02-11 16:45,Tuesday,0,Winter,6.7,Home,ReturnHome,22,Off,False,False,False,False,0.96
2025-02-12 06:47,Wednesday,0,Winter,4.5,Home,WakeUp,23,Off,False,False,False,False,0.92
2025-02-12 08:26,Wednesday,0,Winter,6.1,Away,LeaveHome,23,Off,False,False,False,False,0.92
2025-02-12 17:37,Wednesday,0,Winter,7.7,Home,ReturnHome,23,Off,False,False,False,False,0.96
2025-02-13 06:59,Thursday,0,Winter,0.9,Home,WakeUp,21,Off,False,False,False,False,0.9
2025-02-13 08:29,Thursday,0,Winter,4.6,Away,LeaveHome,21,Off,False,False,False,False,0.98
2025-02-13 17:08,Thursday,0,Winter,3.2,Home,ReturnHome,21,Off,False,False,False,False,0.96
2025-02-14 06:46,Friday,0,Winter,5.6,Home,WakeUp,22,Off,False,False,False,False,0.93
2025-02-14 08:48,Friday,0,Winter,6.4,Away,LeaveHome,22,Off,False,False,False,False,0.97
2025-02-14 17:32,Friday,0,Winter,6.3,Home,ReturnHome,22,Off,False,False,False,False,0.93
2025-02-14 20:56,Friday,0,Winter,0.6,Home,TVOn,22,On,False,False,False,True,0.96
2025-02-14 22:40,Friday,0,Winter,6.8,Home,TVOff,22,Off,False,False,False,True,0.97
2025-02-15 10:10,Saturday,1,Winter,7.1,Home,WakeUp,23,Off,False,False,False,False,0.94
2025-02-15 10:11,Saturday,1,Winter,5.9,Away,DogWalk,23,Off,True,False,False,False,0.99
2025-02-15 18:14,Saturday,1,Winter,6.2,Away,DogWalk,23,Off,True,False,False,False,0.94
2025-02-16 06:55,Sunday,1,Winter,6.8,Home,WakeUp,22,Off,False,False,False,False,0.97
2025-02-16 08:04,Sunday,1,Winter,2.0,Away,DanceClass,22,Off,False,False,True,False,0.94
2025-02-16 10:34,Sunday,1,Winter,2.7,Away,DogWalk,22,Off,True,False,False,False,0.94
2025-02-16 16:22,Sunday,1,Winter,1.7,Away,GroceryShopping,22,Off,False,True,False,False,0.97
2025-02-16 18:18,Sunday,1,Winter,5.6,Away,DogWalk,22,Off,True,False,False,False,0.92
2025-02-17 06:45,Monday,0,Winter,1.9,Home,WakeUp,22,Off,False,False,False,False,0.94
2025-02-17 08:45,Monday,0,Winter,6.1,Away,LeaveHome,22,Off,False,False,False,False,0.96
2025-02-17 17:22,Monday,0,Winter,3.6,Home,ReturnHome,22,Off,False,False,False,False,0.9
2025-02-18 06:55,Tuesday,0,Winter,2.4,Home,WakeUp,23,Off,False,False,False,False,0.95
2025-02-18 08:40,Tuesday,0,Winter,4.4,Away,LeaveHome,23,Off,False,False,False,False,0.93
2025-02-18 17:30,Tuesday,0,Winter,2.6,Home,ReturnHome,23,Off,False,False,False,False,0.96
2025-02-19 06:54,Wednesday,0,Winter,1.0,Home,WakeUp,23,Off,False,False,False,False,0.92
2025-02-19 08:17,Wednesday,0,Winter,5.9,Away,LeaveHome,23,Off,False,False,False,False,0.99
2025-02-19 16:43,Wednesday,0,Winter,1.5,Home,ReturnHome,23,Off,False,False,False,False,0.97
2025-02-20 06:46,Thursday,0,Winter,6.7,Home,WakeUp,23,Off,False,False,False,False,0.93
2025-02-20 08:33,Thursday,0,Winter,1.4,Away,LeaveHome,23,Off,False,False,False,False,0.9
2025-02-20 17:28,Thursday,0,Winter,1.0,Home,ReturnHome,23,Off,False,False,False,False,0.9
2025-02-21 06:48,Friday,0,Winter,5.1,Home,WakeUp,23,Off,False,False,False,False,0.97
2025-02-21 08:16,Friday,0,Winter,7.0,Away,LeaveHome,23,Off,False,False,False,False,0.95
2025-02-21 17:20,Friday,0,Winter,3.8,Home,ReturnHome,23,Off,False,False,False,False,0.93
2025-02-21 20:53,Friday,0,Winter,7.5,Home,TVOn,23,On,False,False,False,True,0.94
2025-02-21 22:44,Friday,0,Winter,3.2,Home,TVOff,23,Off,False,False,False,True,0.91
2025-02-22 09:39,Saturday,1,Winter,1.2,Home,WakeUp,21,Off,False,False,False,False,0.95
2025-02-22 10:15,Saturday,1,Winter,0.9,Away,DogWalk,21,Off,True,False,False,False,0.97
2025-02-22 18:19,Saturday,1,Winter,1.8,Away,DogWalk,21,Off,True,False,False,False,0.95
2025-02-23 06:54,Sunday,1,Winter,6.9,Home,WakeUp,22,Off,False,False,False,False,0.99
2025-02-23 08:09,Sunday,1,Winter,0.5,Away,DanceClass,22,Off,False,False,True,False,0.99
2025-02-23 16:40,Sunday,1,Winter,1.7,Away,GroceryShopping,22,Off,False,True,False,False,0.96
2025-02-23 17:51,Sunday,1,Winter,4.4,Away,DogWalk,22,Off,True,False,False,False,0.91
2025-02-24 06:58,Monday,0,Winter,0.3,Home,WakeUp,22,Off,False,False,False,False,0.93
2025-02-24 08:28,Monday,0,Winter,5.6,Away,LeaveHome,22,Off,False,False,False,False,0.94
2025-02-24 16:49,Monday,0,Winter,7.4,Home,ReturnHome,22,Off,False,False,False,False,0.97
2025-02-25 07:07,Tuesday,0,Winter,0.9,Home,WakeUp,21,Off,False,False,False,False,0.92
2025-02-25 08:19,Tuesday,0,Winter,7.3,Away,LeaveHome,21,Off,False,False,False,False,0.97
2025-02-25 16:29,Tuesday,0,Winter,0.5,Home,ReturnHome,21,Off,False,False,False,False,0.97
2025-02-26 07:08,Wednesday,0,Winter,1.0,Home,WakeUp,22,Off,False,False,False,False,0.96
2025-02-26 08:35,Wednesday,0,Winter,7.5,Away,LeaveHome,22,Off,False,False,False,False,0.95
2025-02-26 17:23,Wednesday,0,Winter,3.5,Home,ReturnHome,22,Off,False,False,False,False,0.95
2025-02-27 07:18,Thursday,0,Winter,2.0,Home,WakeUp,22,Off,False,False,False,False,0.91
2025-02-27 08:46,Thursday,0,Winter,4.7,Away,LeaveHome,22,Off,False,False,False,False,0.9
2025-02-27 16:54,Thursday,0,Winter,4.6,Home,ReturnHome,22,Off,False,False,False,False,0.97
2025-02-28 06:57,Friday,0,Winter,1.5,Home,WakeUp,23,Off,False,False,False,False,0.95
2025-02-28 08:50,Friday,0,Winter,6.5,Away,LeaveHome,23,Off,False,False,False,False,0.99
2025-02-28 17:20,Friday,0,Winter,2.8,Home,ReturnHome,23,Off,False,False,False,False,0.93
2025-02-28 21:12,Friday,0,Winter,1.3,Home,TVOn,23,On,False,False,False,True,0.94
2025-02-28 23:11,Friday,0,Winter,2.3,Home,TVOff,23,Off,False,False,False,True,0.99
2025-03-01 10:05,Saturday,1,Spring,8.3,Home,WakeUp,21,Off,False,False,False,False,0.91
2025-03-01 10:07,Saturday,1,Spring,15.8,Away,DogWalk,21,Off,True,False,False,False,0.94
2025-03-01 17:40,Saturday,1,Spring,13.3,Away,DogWalk,21,Off,True,False,False,False,0.95
2025-03-02 06:51,Sunday,1,Spring,12.1,Home,WakeUp,21,Off,False,False,False,False,0.96
2025-03-02 08:04,Sunday,1,Spring,14.1,Away,DanceClass,21,Off,False,False,True,False,0.92
2025-03-02 10:28,Sunday,1,Spring,11.5,Away,DogWalk,21,Off,True,False,False,False,0.96
2025-03-02 16:40,Sunday,1,Spring,12.9,Away,GroceryShopping,21,Off,False,True,False,False,0.92
2025-03-02 18:15,Sunday,1,Spring,8.1,Away,DogWalk,21,Off,True,False,False,False,0.94
2025-03-03 06:47,Monday,0,Spring,11.7,Home,WakeUp,21,Off,False,False,False,False,0.91
2025-03-03 08:19,Monday,0,Spring,12.0,Away,LeaveHome,21,Off,False,False,False,False,0.96
2025-03-03 17:25,Monday,0,Spring,13.6,Home,ReturnHome,21,Off,False,False,False,False,0.94
2025-03-04 07:10,Tuesday,0,Spring,9.9,Home,WakeUp,21,Off,False,False,False,False,0.95
2025-03-04 08:34,Tuesday,0,Spring,9.5,Away,LeaveHome,21,Off,False,False,False,False,0.95
2025-03-04 16:37,Tuesday,0,Spring,14.9,Home,ReturnHome,21,Off,False,False,False,False,0.92
2025-03-05 07:06,Wednesday,0,Spring,10.7,Home,WakeUp,21,Off,False,False,False,False,0.97
2025-03-05 08:27,Wednesday,0,Spring,14.6,Away,LeaveHome,21,Off,False,False,False,False,0.93
2025-03-05 16:58,Wednesday,0,Spring,14.7,Home,ReturnHome,21,Off,False,False,False,False,0.95
2025-03-06 06:49,Thursday,0,Spring,11.6,Home,WakeUp,21,Off,False,False,False,False,0.94
2025-03-06 08:31,Thursday,0,Spring,12.4,Away,LeaveHome,21,Off,False,False,False,False,0.95
2025-03-06 17:18,Thursday,0,Spring,15.5,Home,ReturnHome,21,Off,False,False,False,False,0.98
2025-03-07 06:55,Friday,0,Spring,12.6,Home,WakeUp,21,Off,False,False,False,False,0.92
2025-03-07 08:36,Friday,0,Spring,8.3,Away,LeaveHome,21,Off,False,False,False,False,0.97
2025-03-07 17:08,Friday,0,Spring,11.1,Home,ReturnHome,21,Off,False,False,False,False,0.96
2025-03-07 20:49,Friday,0,Spring,12.0,Home,TVOn,21,On,False,False,False,True,0.9
2025-03-07 23:12,Friday,0,Spring,15.7,Home,TVOff,21,Off,False,False,False,True,0.93
2025-03-08 10:09,Saturday,1,Spring,11.3,Away,DogWalk,21,Off,True,False,False,False,0.96
2025-03-08 10:24,Saturday,1,Spring,11.5,Home,WakeUp,21,Off,False,False,False,False,0.95
2025-03-08 18:10,Saturday,1,Spring,14.3,Away,DogWalk,21,Off,True,False,False,False,0.92
2025-03-09 06:57,Sunday,1,Spring,13.2,Home,WakeUp,21,Off,False,False,False,False,0.98
2025-03-09 08:07,Sunday,1,Spring,11.0,Away,DanceClass,21,Off,False,False,True,False,0.93
2025-03-09 10:41,Sunday,1,Spring,15.0,Away,DogWalk,21,Off,True,False,False,False,0.9
2025-03-09 17:58,Sunday,1,Spring,16.0,Away,DogWalk,21,Off,True,False,False,False,0.97
2025-03-10 06:46,Monday,0,Spring,14.1,Home,WakeUp,21,Off,False,False,False,False,0.96
2025-03-10 08:16,Monday,0,Spring,11.5,Away,LeaveHome,21,Off,False,False,False,False,0.96
2025-03-10 16:23,Monday,0,Spring,8.4,Home,ReturnHome,21,Off,False,False,False,False,0.97
2025-03-11 07:03,Tuesday,0,Spring,11.4,Home,WakeUp,21,Off,False,False,False,False,0.92
2025-03-11 08:36,Tuesday,0,Spring,12.5,Away,LeaveHome,21,Off,False,False,False,False,0.97
2025-03-11 16:41,Tuesday,0,Spring,9.4,Home,ReturnHome,21,Off,False,False,False,False,0.95
2025-03-12 06:55,Wednesday,0,Spring,12.0,Home,WakeUp,21,Off,False,False,False,False,0.95
2025-03-12 08:24,Wednesday,0,Spring,11.7,Away,LeaveHome,21,Off,False,False,False,False,0.92
2025-03-12 16:52,Wednesday,0,Spring,13.3,Home,ReturnHome,21,Off,False,False,False,False,0.98
2025-03-13 06:58,Thursday,0,Spring,13.4,Home,WakeUp,21,Off,False,False,False,False,0.91
2025-03-13 08:38,Thursday,0,Spring,15.6,Away,LeaveHome,21,Off,False,False,False,False,0.99
2025-03-13 16:58,Thursday,0,Spring,13.1,Home,ReturnHome,21,Off,False,False,False,False,0.94
2025-03-14 06:59,Friday,0,Spring,9.6,Home,WakeUp,21,Off,False,False,False,False,0.93
2025-03-14 08:40,Friday,0,Spring,8.9,Away,LeaveHome,21,Off,False,False,False,False,0.93
2025-03-14 17:05,Friday,0,Spring,12.6,Home,ReturnHome,21,Off,False,False,False,False,0.99
2025-03-14 21:11,Friday,0,Spring,13.3,Home,TVOn,21,On,False,False,False,True,0.92
2025-03-14 23:16,Friday,0,Spring,14.9,Home,TVOff,21,Off,False,False,False,True,0.97
2025-03-15 10:18,Saturday,1,Spring,14.2,Away,DogWalk,21,Off,True,False,False,False,0.92
2025-03-15 10:28,Saturday,1,Spring,12.9,Home,WakeUp,21,Off,False,False,False,False,0.94
2025-03-15 17:54,Saturday,1,Spring,13.1,Away,DogWalk,21,Off,True,False,False,False,0.96
2025-03-16 07:08,Sunday,1,Spring,14.1,Home,WakeUp,21,Off,False,False,False,False,0.96
2025-03-16 07:53,Sunday,1,Spring,15.2,Away,DanceClass,21,Off,False,False,True,False,0.96
2025-03-16 10:38,Sunday,1,Spring,8.3,Away,DogWalk,21,Off,True,False,False,False,0.93
2025-03-16 15:57,Sunday,1,Spring,10.6,Away,GroceryShopping,21,Off,False,True,False,False,0.94
2025-03-16 18:14,Sunday,1,Spring,15.0,Away,DogWalk,21,Off,True,False,False,False,0.93
2025-03-17 06:57,Monday,0,Spring,14.6,Home,WakeUp,21,Off,False,False,False,False,0.92
2025-03-17 08:40,Monday,0,Spring,15.7,Away,LeaveHome,21,Off,False,False,False,False,0.93
2025-03-17 17:03,Monday,0,Spring,14.4,Home,ReturnHome,21,Off,False,False,False,False,0.94
2025-03-18 06:54,Tuesday,0,Spring,14.9,Home,WakeUp,21,Off,False,False,False,False,0.97
2025-03-18 08:35,Tuesday,0,Spring,15.7,Away,LeaveHome,21,Off,False,False,False,False,0.97
2025-03-18 17:06,Tuesday,0,Spring,8.7,Home,ReturnHome,21,Off,False,False,False,False,0.94
2025-03-19 06:47,Wednesday,0,Spring,11.6,Home,WakeUp,21,Off,False,False,False,False,0.96
2025-03-19 08:26,Wednesday,0,Spring,12.7,Away,LeaveHome,21,Off,False,False,False,False,0.97
2025-03-19 17:07,Wednesday,0,Spring,8.9,Home,ReturnHome,21,Off,False,False,False,False,0.92
2025-03-20 07:15,Thursday,0,Spring,10.6,Home,WakeUp,21,Off,False,False,False,False,0.95
2025-03-20 08:14,Thursday,0,Spring,13.1,Away,LeaveHome,21,Off,False,False,False,False,0.94
2025-03-20 16:58,Thursday,0,Spring,13.2,Home,ReturnHome,21,Off,False,False,False,False,0.91
2025-03-21 06:42,Friday,0,Spring,10.4,Home,WakeUp,21,Off,False,False,False,False,0.94
2025-03-21 08:16,Friday,0,Spring,9.9,Away,LeaveHome,21,Off,False,False,False,False,0.95
2025-03-21 17:09,Friday,0,Spring,11.6,Home,ReturnHome,21,Off,False,False,False,False,0.96
2025-03-21 21:15,Friday,0,Spring,12.3,Home,TVOn,21,On,False,False,False,True,0.95
2025-03-21 22:49,Friday,0,Spring,15.1,Home,TVOff,21,Off,False,False,False,True,0.96
2025-03-22 10:09,Saturday,1,Spring,11.3,Home,WakeUp,21,Off,False,False,False,False,0.99
2025-03-22 18:08,Saturday,1,Spring,11.6,Away,DogWalk,21,Off,True,False,False,False,0.92
2025-03-23 07:06,Sunday,1,Spring,10.9,Home,WakeUp,21,Off,False,False,False,False,0.98
2025-03-23 07:51,Sunday,1,Spring,11.2,Away,DanceClass,21,Off,False,False,True,False,0.92
2025-03-23 10:39,Sunday,1,Spring,8.7,Away,DogWalk,21,Off,True,False,False,False,0.92
2025-03-23 15:22,Sunday,1,Spring,8.4,Away,GroceryShopping,21,Off,False,True,False,False,0.93
2025-03-23 18:16,Sunday,1,Spring,9.6,Away,DogWalk,21,Off,True,False,False,False,0.97
2025-03-24 07:17,Monday,0,Spring,9.7,Home,WakeUp,21,Off,False,False,False,False,0.98
2025-03-24 08:31,Monday,0,Spring,14.2,Away,LeaveHome,21,Off,False,False,False,False,0.97
2025-03-24 17:36,Monday,0,Spring,8.0,Home,ReturnHome,21,Off,False,False,False,False,0.98
2025-03-25 06:48,Tuesday,0,Spring,12.3,Home,WakeUp,21,Off,False,False,False,False,0.97
2025-03-25 08:17,Tuesday,0,Spring,13.3,Away,LeaveHome,21,Off,False,False,False,False,0.9
2025-03-25 16:21,Tuesday,0,Spring,10.9,Home,ReturnHome,21,Off,False,False,False,False,0.97
2025-03-26 06:41,Wednesday,0,Spring,9.4,Home,WakeUp,21,Off,False,False,False,False,0.9
2025-03-26 08:36,Wednesday,0,Spring,12.2,Away,LeaveHome,21,Off,False,False,False,False,0.97
2025-03-26 17:20,Wednesday,0,Spring,11.6,Home,ReturnHome,21,Off,False,False,False,False,0.93
2025-03-27 07:08,Thursday,0,Spring,12.0,Home,WakeUp,21,Off,False,False,False,False,0.99
2025-03-27 08:12,Thursday,0,Spring,13.8,Away,LeaveHome,21,Off,False,False,False,False,0.98
2025-03-27 17:26,Thursday,0,Spring,10.4,Home,ReturnHome,21,Off,False,False,False,False,0.96
2025-03-28 07:10,Friday,0,Spring,14.8,Home,WakeUp,21,Off,False,False,False,False,0.94
2025-03-28 08:16,Friday,0,Spring,11.9,Away,LeaveHome,21,Off,False,False,False,False,0.98
2025-03-28 16:29,Friday,0,Spring,15.2,Home,ReturnHome,21,Off,False,False,False,False,0.93
2025-03-28 20:49,Friday,0,Spring,10.2,Home,TVOn,21,On,False,False,False,True,0.96
2025-03-28 23:15,Friday,0,Spring,13.7,Home,TVOff,21,Off,False,False,False,True,0.93
2025-03-29 09:48,Saturday,1,Spring,11.6,Home,WakeUp,21,Off,False,False,False,False,0.95
2025-03-29 18:15,Saturday,1,Spring,13.8,Away,DogWalk,21,Off,True,False,False,False,0.92
2025-03-30 06:52,Sunday,1,Spring,11.3,Home,WakeUp,21,Off,False,False,False,False,0.97
2025-03-30 07:53,Sunday,1,Spring,10.5,Away,DanceClass,21,Off,False,False,True,False,0.93
2025-03-30 10:19,Sunday,1,Spring,13.5,Away,DogWalk,21,Off,True,False,False,False,0.94
2025-03-30 15:30,Sunday,1,Spring,8.7,Away,GroceryShopping,21,Off,False,True,False,False,0.91
2025-03-30 17:48,Sunday,1,Spring,12.5,Away,DogWalk,21,Off,True,False,False,False,0.95
2025-03-31 07:01,Monday,0,Spring,13.4,Home,WakeUp,21,Off,False,False,False,False,0.94
2025-03-31 08:37,Monday,0,Spring,14.9,Away,LeaveHome,21,Off,False,False,False,False,0.96
2025-03-31 16:56,Monday,0,Spring,12.8,Home,ReturnHome,21,Off,False,False,False,False,0.93
2025-04-01 06:53,Tuesday,0,Spring,9.2,Home,WakeUp,21,Off,False,False,False,False,0.94
2025-04-01 08:16,Tuesday,0,Spring,10.8,Away,LeaveHome,21,Off,False,False,False,False,0.95
2025-04-01 16:34,Tuesday,0,Spring,14.1,Home,ReturnHome,21,Off,False,False,False,False,0.95
2025-04-02 07:15,Wednesday,0,Spring,15.8,Home,WakeUp,21,Off,False,False,False,False,0.97
2025-04-02 08:49,Wednesday,0,Spring,13.4,Away,LeaveHome,21,Off,False,False,False,False,0.95
2025-04-02 17:37,Wednesday,0,Spring,15.4,Home,ReturnHome,21,Off,False,False,False,False,0.97
2025-04-03 06:51,Thursday,0,Spring,10.2,Home,WakeUp,21,Off,False,False,False,False,0.97
2025-04-03 08:31,Thursday,0,Spring,10.8,Away,LeaveHome,21,Off,False,False,False,False,0.92
2025-04-03 16:38,Thursday,0,Spring,12.5,Home,ReturnHome,21,Off,False,False,False,False,0.94
2025-04-04 07:20,Friday,0,Spring,15.8,Home,WakeUp,21,Off,False,False,False,False,0.91
2025-04-04 08:43,Friday,0,Spring,9.7,Away,LeaveHome,21,Off,False,False,False,False,0.94
2025-04-04 17:03,Friday,0,Spring,9.3,Home,ReturnHome,21,Off,False,False,False,False,0.93
2025-04-04 21:15,Friday,0,Spring,12.5,Home,TVOn,21,On,False,False,False,True,0.91
2025-04-04 22:43,Friday,0,Spring,9.2,Home,TVOff,21,Off,False,False,False,True,0.97
2025-04-05 09:35,Saturday,1,Spring,10.2,Home,WakeUp,21,Off,False,False,False,False,0.96
2025-04-05 10:28,Saturday,1,Spring,11.3,Away,DogWalk,21,Off,True,False,False,False,0.92
2025-04-05 18:02,Saturday,1,Spring,11.4,Away,DogWalk,21,Off,True,False,False,False,0.93
2025-04-06 07:00,Sunday,1,Spring,12.2,Home,WakeUp,21,Off,False,False,False,False,0.93
2025-04-06 08:09,Sunday,1,Spring,8.4,Away,DanceClass,21,Off,False,False,True,False,0.92
2025-04-06 10:18,Sunday,1,Spring,14.1,Away,DogWalk,21,Off,True,False,False,False,0.93
2025-04-06 16:23,Sunday,1,Spring,14.0,Away,GroceryShopping,21,Off,False,True,False,False,0.92
2025-04-06 17:54,Sunday,1,Spring,12.0,Away,DogWalk,21,Off,True,False,False,False,0.98
2025-04-07 06:44,Monday,0,Spring,11.2,Home,WakeUp,21,Off,False,False,False,False,0.97
2025-04-07 08:37,Monday,0,Spring,8.1,Away,LeaveHome,21,Off,False,False,False,False,0.98
2025-04-07 17:00,Monday,0,Spring,12.6,Home,ReturnHome,21,Off,False,False,False,False,0.95
2025-04-08 07:06,Tuesday,0,Spring,10.3,Home,WakeUp,21,Off,False,False,False,False,0.94
2025-04-08 08:30,Tuesday,0,Spring,9.4,Away,LeaveHome,21,Off,False,False,False,False,0.99
2025-04-08 17:18,Tuesday,0,Spring,14.7,Home,ReturnHome,21,Off,False,False,False,False,0.98
2025-04-09 06:46,Wednesday,0,Spring,9.9,Home,WakeUp,21,Off,False,False,False,False,0.95
2025-04-09 08:43,Wednesday,0,Spring,8.6,Away,LeaveHome,21,Off,False,False,False,False,0.98
2025-04-09 17:03,Wednesday,0,Spring,9.8,Home,ReturnHome,21,Off,False,False,False,False,0.97
2025-04-10 07:20,Thursday,0,Spring,8.9,Home,WakeUp,21,Off,False,False,False,False,0.95
2025-04-10 08:32,Thursday,0,Spring,10.8,Away,LeaveHome,21,Off,False,False,False,False,0.99
2025-04-10 16:38,Thursday,0,Spring,9.9,Home,ReturnHome,21,Off,False,False,False,False,0.91
2025-04-11 07:18,Friday,0,Spring,9.2,Home,WakeUp,21,Off,False,False,False,False,0.97
2025-04-11 08:14,Friday,0,Spring,9.4,Away,LeaveHome,21,Off,False,False,False,False,0.97
2025-04-11 17:23,Friday,0,Spring,11.7,Home,ReturnHome,21,Off,False,False,False,False,0.95
2025-04-11 21:06,Friday,0,Spring,15.4,Home,TVOn,21,On,False,False,False,True,0.95
2025-04-11 23:20,Friday,0,Spring,15.9,Home,TVOff,21,Off,False,False,False,True,0.93
2025-04-12 09:50,Saturday,1,Spring,9.2,Home,WakeUp,21,Off,False,False,False,False,0.91
2025-04-12 10:19,Saturday,1,Spring,14.4,Away,DogWalk,21,Off,True,False,False,False,0.95
2025-04-12 17:44,Saturday,1,Spring,10.5,Away,DogWalk,21,Off,True,False,False,False,0.94
2025-04-13 07:11,Sunday,1,Spring,10.3,Home,WakeUp,21,Off,False,False,False,False,0.96
2025-04-13 07:52,Sunday,1,Spring,12.9,Away,DanceClass,21,Off,False,False,True,False,0.95
2025-04-13 10:45,Sunday,1,Spring,15.6,Away,DogWalk,21,Off,True,False,False,False,0.97
2025-04-13 18:16,Sunday,1,Spring,13.2,Away,DogWalk,21,Off,True,False,False,False,0.93
2025-04-14 06:49,Monday,0,Spring,15.7,Home,WakeUp,21,Off,False,False,False,False,0.94
2025-04-14 08:31,Monday,0,Spring,15.9,Away,LeaveHome,21,Off,False,False,False,False,0.91
2025-04-14 16:42,Monday,0,Spring,8.3,Home,ReturnHome,21,Off,False,False,False,False,0.96
2025-04-15 07:13,Tuesday,0,Spring,12.2,Home,WakeUp,21,Off,False,False,False,False,0.91
2025-04-15 08:33,Tuesday,0,Spring,15.3,Away,LeaveHome,21,Off,False,False,False,False,0.93
2025-04-15 17:03,Tuesday,0,Spring,13.4,Home,ReturnHome,21,Off,False,False,False,False,0.9
2025-04-16 07:01,Wednesday,0,Spring,8.5,Home,WakeUp,21,Off,False,False,False,False,0.91
2025-04-16 08:34,Wednesday,0,Spring,10.3,Away,LeaveHome,21,Off,False,False,False,False,0.97
2025-04-16 17:37,Wednesday,0,Spring,15.0,Home,ReturnHome,21,Off,False,False,False,False,0.93
2025-04-17 06:49,Thursday,0,Spring,15.3,Home,WakeUp,21,Off,False,False,False,False,0.93
2025-04-17 08:35,Thursday,0,Spring,9.0,Away,LeaveHome,21,Off,False,False,False,False,0.96
2025-04-17 16:30,Thursday,0,Spring,10.5,Home,ReturnHome,21,Off,False,False,False,False,0.93
2025-04-18 06:48,Friday,0,Spring,13.4,Home,WakeUp,21,Off,False,False,False,False,0.97
2025-04-18 08:43,Friday,0,Spring,8.7,Away,LeaveHome,21,Off,False,False,False,False,0.96
2025-04-18 17:25,Friday,0,Spring,10.9,Home,ReturnHome,21,Off,False,False,False,False,0.93
2025-04-18 20:51,Friday,0,Spring,10.7,Home,TVOn,21,On,False,False,False,True,0.97
2025-04-18 22:52,Friday,0,Spring,9.8,Home,TVOff,21,Off,False,False,False,True,0.91
2025-04-19 10:24,Saturday,1,Spring,14.3,Home,WakeUp,21,Off,False,False,False,False,0.95
2025-04-19 10:33,Saturday,1,Spring,8.3,Away,DogWalk,21,Off,True,False,False,False,0.93
2025-04-19 17:48,Saturday,1,Spring,12.8,Away,DogWalk,21,Off,True,False,False,False,0.91
2025-04-20 07:07,Sunday,1,Spring,14.2,Home,WakeUp,21,Off,False,False,False,False,0.97
2025-04-20 08:04,Sunday,1,Spring,8.3,Away,DanceClass,21,Off,False,False,True,False,0.93
2025-04-20 10:38,Sunday,1,Spring,12.9,Away,DogWalk,21,Off,True,False,False,False,0.97
2025-04-20 15:49,Sunday,1,Spring,12.3,Away,GroceryShopping,21,Off,False,True,False,False,0.93
2025-04-20 18:10,Sunday,1,Spring,15.2,Away,DogWalk,21,Off,True,False,False,False,0.92
2025-04-21 07:16,Monday,0,Spring,15.9,Home,WakeUp,21,Off,False,False,False,False,0.94
2025-04-21 08:28,Monday,0,Spring,14.2,Away,LeaveHome,21,Off,False,False,False,False,0.95
2025-04-21 17:13,Monday,0,Spring,15.7,Home,ReturnHome,21,Off,False,False,False,False,0.97
2025-04-22 06:48,Tuesday,0,Spring,15.0,Home,WakeUp,21,Off,False,False,False,False,0.9
2025-04-22 08:40,Tuesday,0,Spring,15.0,Away,LeaveHome,21,Off,False,False,False,False,0.95
2025-04-22 16:33,Tuesday,0,Spring,13.7,Home,ReturnHome,21,Off,False,False,False,False,0.95
2025-04-23 06:45,Wednesday,0,Spring,14.1,Home,WakeUp,21,Off,False,False,False,False,0.92
2025-04-23 08:42,Wednesday,0,Spring,9.2,Away,LeaveHome,21,Off,False,False,False,False,0.94
2025-04-23 16:48,Wednesday,0,Spring,14.5,Home,ReturnHome,21,Off,False,False,False,False,0.98
2025-04-24 07:06,Thursday,0,Spring,8.4,Home,WakeUp,21,Off,False,False,False,False,0.95
2025-04-24 08:25,Thursday,0,Spring,11.1,Away,LeaveHome,21,Off,False,False,False,False,0.91
2025-04-24 16:48,Thursday,0,Spring,8.2,Home,ReturnHome,21,Off,False,False,False,False,0.98
2025-04-25 07:01,Friday,0,Spring,14.3,Home,WakeUp,21,Off,False,False,False,False,0.91
2025-04-25 08:28,Friday,0,Spring,15.3,Away,LeaveHome,21,Off,False,False,False,False,0.94
2025-04-25 16:37,Friday,0,Spring,14.1,Home,ReturnHome,21,Off,False,False,False,False,0.94
2025-04-25 21:13,Friday,0,Spring,8.6,Home,TVOn,21,On,False,False,False,True,0.92
2025-04-25 22:49,Friday,0,Spring,12.4,Home,TVOff,21,Off,False,False,False,True,0.97
2025-04-26 09:37,Saturday,1,Spring,14.2,Home,WakeUp,21,Off,False,False,False,False,0.92
2025-04-26 10:15,Saturday,1,Spring,11.4,Away,DogWalk,21,Off,True,False,False,False,0.97
2025-04-26 17:47,Saturday,1,Spring,14.7,Away,DogWalk,21,Off,True,False,False,False,0.94
2025-04-27 07:05,Sunday,1,Spring,12.1,Home,WakeUp,21,Off,False,False,False,False,0.92
2025-04-27 08:03,Sunday,1,Spring,8.0,Away,DanceClass,21,Off,False,False,True,False,0.93
2025-04-27 10:21,Sunday,1,Spring,13.3,Away,DogWalk,21,Off,True,False,False,False,0.91
2025-04-27 15:28,Sunday,1,Spring,15.6,Away,GroceryShopping,21,Off,False,True,False,False,0.95
2025-04-27 18:12,Sunday,1,Spring,12.4,Away,DogWalk,21,Off,True,False,False,False,0.94
2025-04-28 07:20,Monday,0,Spring,11.1,Home,WakeUp,21,Off,False,False,False,False,0.93
2025-04-28 08:11,Monday,0,Spring,10.9,Away,LeaveHome,21,Off,False,False,False,False,0.91
2025-04-28 16:50,Monday,0,Spring,13.9,Home,ReturnHome,21,Off,False,False,False,False,0.96
2025-04-29 07:01,Tuesday,0,Spring,9.1,Home,WakeUp,21,Off,False,False,False,False,0.93
2025-04-29 08:31,Tuesday,0,Spring,14.5,Away,LeaveHome,21,Off,False,False,False,False,0.92
2025-04-29 17:19,Tuesday,0,Spring,15.8,Home,ReturnHome,21,Off,False,False,False,False,0.94
2025-04-30 06:48,Wednesday,0,Spring,8.5,Home,WakeUp,21,Off,False,False,False,False,0.97
2025-04-30 08:39,Wednesday,0,Spring,8.3,Away,LeaveHome,21,Off,False,False,False,False,0.92
2025-04-30 16:45,Wednesday,0,Spring,15.1,Home,ReturnHome,21,Off,False,False,False,False,0.93
2025-05-01 07:05,Thursday,0,Spring,15.9,Home,WakeUp,21,Off,False,False,False,False,0.95
2025-05-01 08:26,Thursday,0,Spring,8.3,Away,LeaveHome,21,Off,False,False,False,False,0.96
2025-05-01 16:56,Thursday,0,Spring,10.9,Home,ReturnHome,21,Off,False,False,False,False,0.97
2025-05-02 07:01,Friday,0,Spring,10.2,Home,WakeUp,21,Off,False,False,False,False,0.97
2025-05-02 08:37,Friday,0,Spring,15.1,Away,LeaveHome,21,Off,False,False,False,False,0.97
2025-05-02 17:09,Friday,0,Spring,10.7,Home,ReturnHome,21,Off,False,False,False,False,0.92
2025-05-02 20:56,Friday,0,Spring,15.4,Home,TVOn,21,On,False,False,False,True,0.95
2025-05-02 22:45,Friday,0,Spring,13.8,Home,TVOff,21,Off,False,False,False,True,0.91
2025-05-03 10:20,Saturday,1,Spring,13.3,Away,DogWalk,21,Off,True,False,False,False,0.93
2025-05-03 10:22,Saturday,1,Spring,9.4,Home,WakeUp,21,Off,False,False,False,False,0.93
2025-05-03 18:07,Saturday,1,Spring,9.3,Away,DogWalk,21,Off,True,False,False,False,0.94
2025-05-04 07:08,Sunday,1,Spring,15.0,Home,WakeUp,21,Off,False,False,False,False,0.93
2025-05-04 07:58,Sunday,1,Spring,13.1,Away,DanceClass,21,Off,False,False,True,False,0.97
2025-05-04 16:11,Sunday,1,Spring,10.9,Away,GroceryShopping,21,Off,False,True,False,False,0.97
2025-05-04 17:41,Sunday,1,Spring,9.1,Away,DogWalk,21,Off,True,False,False,False,0.95
2025-05-05 06:42,Monday,0,Spring,9.0,Home,WakeUp,21,Off,False,False,False,False,0.92
2025-05-05 08:33,Monday,0,Spring,10.9,Away,LeaveHome,21,Off,False,False,False,False,0.99
2025-05-05 16:24,Monday,0,Spring,12.8,Home,ReturnHome,21,Off,False,False,False,False,0.96
2025-05-06 07:03,Tuesday,0,Spring,11.6,Home,WakeUp,21,Off,False,False,False,False,0.91
2025-05-06 08:18,Tuesday,0,Spring,12.2,Away,LeaveHome,21,Off,False,False,False,False,0.94
2025-05-06 16:55,Tuesday,0,Spring,10.0,Home,ReturnHome,21,Off,False,False,False,False,0.91
2025-05-07 07:11,Wednesday,0,Spring,12.1,Home,WakeUp,21,Off,False,False,False,False,0.98
2025-05-07 08:17,Wednesday,0,Spring,10.1,Away,LeaveHome,21,Off,False,False,False,False,0.92
2025-05-07 17:17,Wednesday,0,Spring,9.7,Home,ReturnHome,21,Off,False,False,False,False,0.96
2025-05-08 07:11,Thursday,0,Spring,9.6,Home,WakeUp,21,Off,False,False,False,False,0.91
2025-05-08 08:14,Thursday,0,Spring,11.6,Away,LeaveHome,21,Off,False,False,False,False,0.98
2025-05-08 17:16,Thursday,0,Spring,16.0,Home,ReturnHome,21,Off,False,False,False,False,0.97
2025-05-09 07:00,Friday,0,Spring,13.3,Home,WakeUp,21,Off,False,False,False,False,0.96
2025-05-09 08:45,Friday,0,Spring,12.3,Away,LeaveHome,21,Off,False,False,False,False,0.98
2025-05-09 16:40,Friday,0,Spring,13.7,Home,ReturnHome,21,Off,False,False,False,False,0.98
2025-05-09 21:10,Friday,0,Spring,10.9,Home,TVOn,21,On,False,False,False,True,0.92
2025-05-09 22:52,Friday,0,Spring,14.3,Home,TVOff,21,Off,False,False,False,True,0.92
2025-05-10 09:53,Saturday,1,Spring,12.4,Home,WakeUp,21,Off,False,False,False,False,0.93
2025-05-10 10:35,Saturday,1,Spring,9.0,Away,DogWalk,21,Off,True,False,False,False,0.98
2025-05-11 07:07,Sunday,1,Spring,13.8,Home,WakeUp,21,Off,False,False,False,False,0.95
2025-05-11 08:08,Sunday,1,Spring,8.6,Away,DanceClass,21,Off,False,False,True,False,0.99
2025-05-11 10:38,Sunday,1,Spring,11.7,Away,DogWalk,21,Off,True,False,False,False,0.95
2025-05-11 16:30,Sunday,1,Spring,13.1,Away,GroceryShopping,21,Off,False,True,False,False,0.92
2025-05-11 18:07,Sunday,1,Spring,12.0,Away,DogWalk,21,Off,True,False,False,False,0.98
2025-05-12 07:13,Monday,0,Spring,9.2,Home,WakeUp,21,Off,False,False,False,False,0.91
2025-05-12 08:30,Monday,0,Spring,15.5,Away,LeaveHome,21,Off,False,False,False,False,0.92
2025-05-12 17:26,Monday,0,Spring,15.2,Home,ReturnHome,21,Off,False,False,False,False,0.98
2025-05-13 07:20,Tuesday,0,Spring,15.7,Home,WakeUp,21,Off,False,False,False,False,0.92
2025-05-13 08:50,Tuesday,0,Spring,10.4,Away,LeaveHome,21,Off,False,False,False,False,0.95
2025-05-13 17:24,Tuesday,0,Spring,13.1,Home,ReturnHome,21,Off,False,False,False,False,0.95
2025-05-14 06:50,Wednesday,0,Spring,13.3,Home,WakeUp,21,Off,False,False,False,False,0.96
2025-05-14 08:48,Wednesday,0,Spring,10.7,Away,LeaveHome,21,Off,False,False,False,False,0.98
2025-05-14 16:25,Wednesday,0,Spring,14.6,Home,ReturnHome,21,Off,False,False,False,False,0.9
2025-05-15 07:16,Thursday,0,Spring,10.1,Home,WakeUp,21,Off,False,False,False,False,0.92
2025-05-15 08:46,Thursday,0,Spring,11.3,Away,LeaveHome,21,Off,False,False,False,False,0.96
2025-05-15 17:23,Thursday,0,Spring,15.1,Home,ReturnHome,21,Off,False,False,False,False,0.95
2025-05-16 06:59,Friday,0,Spring,11.9,Home,WakeUp,21,Off,False,False,False,False,0.97
2025-05-16 08:35,Friday,0,Spring,10.4,Away,LeaveHome,21,Off,False,False,False,False,0.91
2025-05-16 16:27,Friday,0,Spring,9.3,Home,ReturnHome,21,Off,False,False,False,False,0.94
2025-05-16 20:55,Friday,0,Spring,12.9,Home,TVOn,21,On,False,False,False,True,0.93
2025-05-16 23:00,Friday,0,Spring,13.9,Home,TVOff,21,Off,False,False,False,True,0.98
2025-05-17 09:38,Saturday,1,Spring,14.1,Home,WakeUp,21,Off,False,False,False,False,0.95
2025-05-17 10:15,Saturday,1,Spring,11.7,Away,DogWalk,21,Off,True,False,False,False,0.92
2025-05-17 17:46,Saturday,1,Spring,8.4,Away,DogWalk,21,Off,True,False,False,False,0.99
2025-05-18 06:58,Sunday,1,Spring,10.0,Home,WakeUp,21,Off,False,False,False,False,0.98
2025-05-18 08:00,Sunday,1,Spring,15.5,Away,DanceClass,21,Off,False,False,True,False,0.96
2025-05-18 10:20,Sunday,1,Spring,12.0,Away,DogWalk,21,Off,True,False,False,False,0.95
2025-05-18 15:59,Sunday,1,Spring,12.0,Away,GroceryShopping,21,Off,False,True,False,False,0.91
2025-05-18 18:09,Sunday,1,Spring,15.7,Away,DogWalk,21,Off,True,False,False,False,0.92
2025-05-19 06:43,Monday,0,Spring,10.3,Home,WakeUp,21,Off,False,False,False,False,0.95
2025-05-19 08:40,Monday,0,Spring,10.3,Away,LeaveHome,21,Off,False,False,False,False,0.9
2025-05-19 16:33,Monday,0,Spring,11.4,Home,ReturnHome,21,Off,False,False,False,False,0.98
2025-05-20 07:05,Tuesday,0,Spring,10.9,Home,WakeUp,21,Off,False,False,False,False,0.94
2025-05-20 08:46,Tuesday,0,Spring,12.5,Away,LeaveHome,21,Off,False,False,False,False,0.93
2025-05-20 16:56,Tuesday,0,Spring,8.6,Home,ReturnHome,21,Off,False,False,False,False,0.95
2025-05-21 06:57,Wednesday,0,Spring,14.6,Home,WakeUp,21,Off,False,False,False,False,0.96
2025-05-21 08:49,Wednesday,0,Spring,9.0,Away,LeaveHome,21,Off,False,False,False,False,0.99
2025-05-21 17:10,Wednesday,0,Spring,11.0,Home,ReturnHome,21,Off,False,False,False,False,0.99
2025-05-22 07:03,Thursday,0,Spring,14.0,Home,WakeUp,21,Off,False,False,False,False,0.92
2025-05-22 08:42,Thursday,0,Spring,11.2,Away,LeaveHome,21,Off,False,False,False,False,0.9
2025-05-22 16:24,Thursday,0,Spring,9.1,Home,ReturnHome,21,Off,False,False,False,False,0.93
2025-05-23 07:09,Friday,0,Spring,9.2,Home,WakeUp,21,Off,False,False,False,False,0.98
2025-05-23 08:18,Friday,0,Spring,10.6,Away,LeaveHome,21,Off,False,False,False,False,0.96
2025-05-23 16:40,Friday,0,Spring,11.1,Home,ReturnHome,21,Off,False,False,False,False,0.96
2025-05-23 21:03,Friday,0,Spring,10.7,Home,TVOn,21,On,False,False,False,True,0.97
2025-05-23 23:14,Friday,0,Spring,11.9,Home,TVOff,21,Off,False,False,False,True,0.95
2025-05-24 09:31,Saturday,1,Spring,10.9,Home,WakeUp,21,Off,False,False,False,False,0.96
2025-05-24 10:37,Saturday,1,Spring,10.5,Away,DogWalk,21,Off,True,False,False,False,0.98
2025-05-24 18:20,Saturday,1,Spring,8.2,Away,DogWalk,21,Off,True,False,False,False,0.94
2025-05-25 07:10,Sunday,1,Spring,15.8,Home,WakeUp,21,Off,False,False,False,False,0.95
2025-05-25 07:51,Sunday,1,Spring,12.7,Away,DanceClass,21,Off,False,False,True,False,0.92
2025-05-25 10:49,Sunday,1,Spring,14.2,Away,DogWalk,21,Off,True,False,False,False,0.93
2025-05-25 15:51,Sunday,1,Spring,8.3,Away,GroceryShopping,21,Off,False,True,False,False,0.99
2025-05-25 17:41,Sunday,1,Spring,11.5,Away,DogWalk,21,Off,True,False,False,False,0.94
2025-05-26 06:53,Monday,0,Spring,11.3,Home,WakeUp,21,Off,False,False,False,False,0.97
2025-05-26 08:40,Monday,0,Spring,15.0,Away,LeaveHome,21,Off,False,False,False,False,0.97
2025-05-26 16:27,Monday,0,Spring,13.6,Home,ReturnHome,21,Off,False,False,False,False,0.95
2025-05-27 07:10,Tuesday,0,Spring,12.2,Home,WakeUp,21,Off,False,False,False,False,0.93
2025-05-27 08:21,Tuesday,0,Spring,11.7,Away,LeaveHome,21,Off,False,False,False,False,0.95
2025-05-27 17:29,Tuesday,0,Spring,10.8,Home,ReturnHome,21,Off,False,False,False,False,0.97
2025-05-28 06:56,Wednesday,0,Spring,12.9,Home,WakeUp,21,Off,False,False,False,False,0.92
2025-05-28 08:25,Wednesday,0,Spring,10.2,Away,LeaveHome,21,Off,False,False,False,False,0.93
2025-05-28 16:58,Wednesday,0,Spring,14.2,Home,ReturnHome,21,Off,False,False,False,False,0.96
2025-05-29 07:11,Thursday,0,Spring,10.5,Home,WakeUp,21,Off,False,False,False,False,0.93
2025-05-29 08:27,Thursday,0,Spring,10.3,Away,LeaveHome,21,Off,False,False,False,False,0.95
2025-05-29 17:29,Thursday,0,Spring,11.0,Home,ReturnHome,21,Off,False,False,False,False,0.99
2025-05-30 06:49,Friday,0,Spring,10.3,Home,WakeUp,21,Off,False,False,False,False,0.93
2025-05-30 08:15,Friday,0,Spring,10.8,Away,LeaveHome,21,Off,False,False,False,False,0.94
2025-05-30 16:52,Friday,0,Spring,14.0,Home,ReturnHome,21,Off,False,False,False,False,0.92
2025-05-30 20:53,Friday,0,Spring,15.5,Home,TVOn,21,On,False,False,False,True,0.96
2025-05-30 22:48,Friday,0,Spring,8.9,Home,TVOff,21,Off,False,False,False,True,0.97
2025-05-31 09:33,Saturday,1,Spring,13.4,Home,WakeUp,21,Off,False,False,False,False,0.95
2025-05-31 10:03,Saturday,1,Spring,8.8,Away,DogWalk,21,Off,True,False,False,False,0.93
2025-05-31 17:48,Saturday,1,Spring,8.0,Away,DogWalk,21,Off,True,False,False,False,0.95
2025-06-01 06:58,Sunday,1,Summer,25.8,Home,WakeUp,Off,Off,False,False,False,False,0.98
2025-06-01 08:10,Sunday,1,Summer,20.4,Away,DanceClass,Off,Off,False,False,True,False,0.99
2025-06-01 10:13,Sunday,1,Summer,28.9,Away,DogWalk,Off,Off,True,False,False,False,0.91
2025-06-01 16:28,Sunday,1,Summer,26.9,Away,GroceryShopping,Off,Off,False,True,False,False,0.98
2025-06-02 07:06,Monday,0,Summer,28.6,Home,WakeUp,Off,Off,False,False,False,False,0.92
2025-06-02 08:12,Monday,0,Summer,30.0,Away,LeaveHome,Off,Off,False,False,False,False,0.94
2025-06-02 17:23,Monday,0,Summer,20.2,Home,ReturnHome,Off,Off,False,False,False,False,0.97
2025-06-03 06:58,Tuesday,0,Summer,28.5,Home,WakeUp,Off,Off,False,False,False,False,0.9
2025-06-03 08:46,Tuesday,0,Summer,25.2,Away,LeaveHome,Off,Off,False,False,False,False,0.98
2025-06-03 17:02,Tuesday,0,Summer,21.4,Home,ReturnHome,Off,Off,False,False,False,False,0.99
2025-06-04 07:11,Wednesday,0,Summer,28.7,Home,WakeUp,Off,Off,False,False,False,False,0.91
2025-06-04 08:42,Wednesday,0,Summer,23.6,Away,LeaveHome,Off,Off,False,False,False,False,0.92
2025-06-04 16:34,Wednesday,0,Summer,22.0,Home,ReturnHome,Off,Off,False,False,False,False,0.97
2025-06-05 06:51,Thursday,0,Summer,18.2,Home,WakeUp,Off,Off,False,False,False,False,0.93
2025-06-05 08:28,Thursday,0,Summer,24.8,Away,LeaveHome,Off,Off,False,False,False,False,0.97
2025-06-05 16:42,Thursday,0,Summer,25.3,Home,ReturnHome,Off,Off,False,False,False,False,0.96
2025-06-06 07:07,Friday,0,Summer,24.2,Home,WakeUp,Off,Off,False,False,False,False,0.91
2025-06-06 08:16,Friday,0,Summer,20.2,Away,LeaveHome,Off,Off,False,False,False,False,0.91
2025-06-06 17:01,Friday,0,Summer,29.2,Home,ReturnHome,Off,Off,False,False,False,False,0.9
2025-06-06 20:59,Friday,0,Summer,27.0,Home,TVOn,Off,On,False,False,False,True,0.99
2025-06-06 22:59,Friday,0,Summer,25.0,Home,TVOff,Off,Off,False,False,False,True,0.95
2025-06-07 09:53,Saturday,1,Summer,26.3,Home,WakeUp,Off,Off,False,False,False,False,0.91
2025-06-07 10:19,Saturday,1,Summer,19.9,Away,DogWalk,Off,Off,True,False,False,False,0.96
2025-06-07 17:59,Saturday,1,Summer,26.3,Away,DogWalk,Off,Off,True,False,False,False,0.96
2025-06-08 06:56,Sunday,1,Summer,25.4,Home,WakeUp,Off,Off,False,False,False,False,0.92
2025-06-08 07:54,Sunday,1,Summer,23.5,Away,DanceClass,Off,Off,False,False,True,False,0.99
2025-06-08 10:45,Sunday,1,Summer,29.0,Away,DogWalk,Off,Off,True,False,False,False,0.97
2025-06-08 15:47,Sunday,1,Summer,27.1,Away,GroceryShopping,Off,Off,False,True,False,False,0.96
2025-06-08 17:45,Sunday,1,Summer,24.3,Away,DogWalk,Off,Off,True,False,False,False,0.95
2025-06-09 07:16,Monday,0,Summer,19.3,Home,WakeUp,Off,Off,False,False,False,False,0.97
2025-06-09 08:42,Monday,0,Summer,20.4,Away,LeaveHome,Off,Off,False,False,False,False,0.95
2025-06-09 16:41,Monday,0,Summer,21.9,Home,ReturnHome,Off,Off,False,False,False,False,0.95
2025-06-10 06:53,Tuesday,0,Summer,26.6,Home,WakeUp,Off,Off,False,False,False,False,0.94
2025-06-10 08:42,Tuesday,0,Summer,23.3,Away,LeaveHome,Off,Off,False,False,False,False,0.91
2025-06-10 16:36,Tuesday,0,Summer,24.2,Home,ReturnHome,Off,Off,False,False,False,False,0.94
2025-06-11 07:09,Wednesday,0,Summer,26.1,Home,WakeUp,Off,Off,False,False,False,False,0.93
2025-06-11 08:11,Wednesday,0,Summer,22.8,Away,LeaveHome,Off,Off,False,False,False,False,0.97
2025-06-11 16:47,Wednesday,0,Summer,24.9,Home,ReturnHome,Off,Off,False,False,False,False,0.9
2025-06-12 06:44,Thursday,0,Summer,24.5,Home,WakeUp,Off,Off,False,False,False,False,0.91
2025-06-12 08:14,Thursday,0,Summer,29.8,Away,LeaveHome,Off,Off,False,False,False,False,0.94
2025-06-12 16:56,Thursday,0,Summer,22.9,Home,ReturnHome,Off,Off,False,False,False,False,0.97
2025-06-13 07:06,Friday,0,Summer,22.5,Home,WakeUp,Off,Off,False,False,False,False,0.98
2025-06-13 08:38,Friday,0,Summer,28.4,Away,LeaveHome,Off,Off,False,False,False,False,0.98
2025-06-13 17:08,Friday,0,Summer,19.0,Home,ReturnHome,Off,Off,False,False,False,False,0.99
2025-06-13 20:49,Friday,0,Summer,25.8,Home,TVOn,Off,On,False,False,False,True,0.93
2025-06-13 22:51,Friday,0,Summer,29.9,Home,TVOff,Off,Off,False,False,False,True,0.94
2025-06-14 09:44,Saturday,1,Summer,28.0,Home,WakeUp,Off,Off,False,False,False,False,0.97
2025-06-14 10:29,Saturday,1,Summer,26.1,Away,DogWalk,Off,Off,True,False,False,False,0.95
2025-06-14 17:54,Saturday,1,Summer,21.0,Away,DogWalk,Off,Off,True,False,False,False,0.93
2025-06-15 07:14,Sunday,1,Summer,28.5,Home,WakeUp,Off,Off,False,False,False,False,0.97
2025-06-15 08:03,Sunday,1,Summer,25.4,Away,DanceClass,Off,Off,False,False,True,False,0.98
2025-06-15 10:25,Sunday,1,Summer,20.5,Away,DogWalk,Off,Off,True,False,False,False,0.91
2025-06-15 17:43,Sunday,1,Summer,20.9,Away,DogWalk,Off,Off,True,False,False,False,0.9
2025-06-16 07:14,Monday,0,Summer,20.6,Home,WakeUp,Off,Off,False,False,False,False,0.98
2025-06-16 08:13,Monday,0,Summer,19.7,Away,LeaveHome,Off,Off,False,False,False,False,0.99
2025-06-16 16:49,Monday,0,Summer,27.8,Home,ReturnHome,Off,Off,False,False,False,False,0.97
2025-06-17 07:18,Tuesday,0,Summer,27.3,Home,WakeUp,Off,Off,False,False,False,False,0.97
2025-06-17 08:25,Tuesday,0,Summer,21.6,Away,LeaveHome,Off,Off,False,False,False,False,0.91
2025-06-17 17:26,Tuesday,0,Summer,20.7,Home,ReturnHome,Off,Off,False,False,False,False,0.93
2025-06-18 07:17,Wednesday,0,Summer,28.6,Home,WakeUp,Off,Off,False,False,False,False,0.98
2025-06-18 08:50,Wednesday,0,Summer,26.1,Away,LeaveHome,Off,Off,False,False,False,False,0.95
2025-06-18 16:26,Wednesday,0,Summer,29.7,Home,ReturnHome,Off,Off,False,False,False,False,0.98
2025-06-19 07:13,Thursday,0,Summer,21.8,Home,WakeUp,Off,Off,False,False,False,False,0.94
2025-06-19 08:19,Thursday,0,Summer,21.6,Away,LeaveHome,Off,Off,False,False,False,False,0.92
2025-06-19 17:28,Thursday,0,Summer,23.7,Home,ReturnHome,Off,Off,False,False,False,False,0.98
2025-06-20 06:49,Friday,0,Summer,27.7,Home,WakeUp,Off,Off,False,False,False,False,0.98
2025-06-20 08:45,Friday,0,Summer,23.0,Away,LeaveHome,Off,Off,False,False,False,False,0.94
2025-06-20 17:27,Friday,0,Summer,19.6,Home,ReturnHome,Off,Off,False,False,False,False,0.92
2025-06-20 21:05,Friday,0,Summer,18.9,Home,TVOn,Off,On,False,False,False,True,0.94
2025-06-20 23:03,Friday,0,Summer,19.1,Home,TVOff,Off,Off,False,False,False,True,0.97
2025-06-21 09:47,Saturday,1,Summer,22.5,Home,WakeUp,Off,Off,False,False,False,False,0.95
2025-06-22 07:03,Sunday,1,Summer,26.7,Home,WakeUp,Off,Off,False,False,False,False,0.95
2025-06-22 08:00,Sunday,1,Summer,21.6,Away,DanceClass,Off,Off,False,False,True,False,0.98
2025-06-22 10:22,Sunday,1,Summer,29.5,Away,DogWalk,Off,Off,True,False,False,False,0.91
2025-06-22 16:21,Sunday,1,Summer,29.0,Away,GroceryShopping,Off,Off,False,True,False,False,0.96
2025-06-22 18:05,Sunday,1,Summer,29.0,Away,DogWalk,Off,Off,True,False,False,False,0.95
2025-06-23 07:04,Monday,0,Summer,23.6,Home,WakeUp,Off,Off,False,False,False,False,0.96
2025-06-23 08:29,Monday,0,Summer,21.1,Away,LeaveHome,Off,Off,False,False,False,False,0.95
2025-06-23 17:23,Monday,0,Summer,23.6,Home,ReturnHome,Off,Off,False,False,False,False,0.97
2025-06-24 07:00,Tuesday,0,Summer,29.0,Home,WakeUp,Off,Off,False,False,False,False,0.93
2025-06-24 08:36,Tuesday,0,Summer,18.5,Away,LeaveHome,Off,Off,False,False,False,False,0.98
2025-06-24 16:38,Tuesday,0,Summer,18.2,Home,ReturnHome,Off,Off,False,False,False,False,0.95
2025-06-25 07:06,Wednesday,0,Summer,21.5,Home,WakeUp,Off,Off,False,False,False,False,0.92
2025-06-25 08:24,Wednesday,0,Summer,22.6,Away,LeaveHome,Off,Off,False,False,False,False,0.98
2025-06-25 17:23,Wednesday,0,Summer,24.6,Home,ReturnHome,Off,Off,False,False,False,False,0.98
2025-06-26 07:11,Thursday,0,Summer,29.6,Home,WakeUp,Off,Off,False,False,False,False,0.96
2025-06-26 08:41,Thursday,0,Summer,23.5,Away,LeaveHome,Off,Off,False,False,False,False,0.97
2025-06-26 17:05,Thursday,0,Summer,20.0,Home,ReturnHome,Off,Off,False,False,False,False,0.96
2025-06-27 07:14,Friday,0,Summer,29.9,Home,WakeUp,Off,Off,False,False,False,False,0.99
2025-06-27 08:43,Friday,0,Summer,18.4,Away,LeaveHome,Off,Off,False,False,False,False,0.98
2025-06-27 16:26,Friday,0,Summer,27.2,Home,ReturnHome,Off,Off,False,False,False,False,0.94
2025-06-27 20:52,Friday,0,Summer,18.8,Home,TVOn,Off,On,False,False,False,True,0.91
2025-06-27 22:53,Friday,0,Summer,24.1,Home,TVOff,Off,Off,False,False,False,True,0.93
2025-06-28 10:01,Saturday,1,Summer,18.1,Away,DogWalk,Off,Off,True,False,False,False,0.95
2025-06-28 10:12,Saturday,1,Summer,29.2,Home,WakeUp,Off,Off,False,False,False,False,0.98
2025-06-29 06:53,Sunday,1,Summer,24.4,Home,WakeUp,Off,Off,False,False,False,False,0.93
2025-06-29 08:03,Sunday,1,Summer,27.7,Away,DanceClass,Off,Off,False,False,True,False,0.98
2025-06-29 10:16,Sunday,1,Summer,24.3,Away,DogWalk,Off,Off,True,False,False,False,0.92
2025-06-29 15:52,Sunday,1,Summer,27.8,Away,GroceryShopping,Off,Off,False,True,False,False,0.92
2025-06-29 18:03,Sunday,1,Summer,29.5,Away,DogWalk,Off,Off,True,False,False,False,0.94
2025-06-30 06:54,Monday,0,Summer,21.6,Home,WakeUp,Off,Off,False,False,False,False,0.97
2025-06-30 08:15,Monday,0,Summer,25.8,Away,LeaveHome,Off,Off,False,False,False,False,0.98
2025-06-30 16:24,Monday,0,Summer,19.1,Home,ReturnHome,Off,Off,False,False,False,False,0.93
